Mood,Category,Recommendation,Details
Happy,Activity,Go for a hike,Explore nature to boost your mood.
Happy,Activity,Try a new hobby,Learn painting or baking to keep the positivity going.
Happy,Music,Listen to cheerful tunes,Create a playlist with songs that make you smile.
Happy,Food,Treat yourself to ice cream,Indulge in your favorite dessert.
Happy,Content,Watch a comedy movie,Enjoy laughter with a light-hearted film.
Happy,Activity,Dance freely,Let loose and dance to your favorite music.
Happy,Activity,Plan a picnic,Gather some friends and enjoy a day outdoors.
Happy,Music,Sing karaoke,Sing your heart out to your favorite tracks.
Happy,Content,Read a feel-good novel,Choose a story with a happy ending.
Happy,Food,Cook your favorite meal,Enjoy the process and the delicious outcome.
Happy,Activity,Go for a hike,Explore nature to boost your mood.
Happy,Activity,Try a new hobby,Learn painting or baking to keep the positivity going.
Happy,Music,Listen to cheerful tunes,Create a playlist with songs that make you smile.
Happy,Food,Treat yourself to ice cream,Indulge in your favorite dessert.
Happy,Content,Watch a comedy movie,Enjoy laughter with a light-hearted film.
Happy,Activity,Dance freely,Let loose and dance to your favorite music.
Happy,Activity,Plan a picnic,Gather some friends and enjoy a day outdoors.
Happy,Music,Sing karaoke,Sing your heart out to your favorite tracks.
Happy,Content,Read a feel-good novel,Choose a story with a happy ending.
Happy,Food,Cook your favorite meal,Enjoy the process and the delicious outcome.
Happy,Activity,Go for a hike,Explore nature to boost your mood.
Happy,Activity,Try a new hobby,Learn painting or baking to keep the positivity going.
Happy,Music,Listen to cheerful tunes,Create a playlist with songs that make you smile.
Happy,Food,Treat yourself to ice cream,Indulge in your favorite dessert.
Happy,Content,Watch a comedy movie,Enjoy laughter with a light-hearted film.
Happy,Activity,Dance freely,Let loose and dance to your favorite music.
Happy,Activity,Plan a picnic,Gather some friends and enjoy a day outdoors.
Happy,Music,Sing karaoke,Sing your heart out to your favorite tracks.
Happy,Content,Read a feel-good novel,Choose a story with a happy ending.
Happy,Food,Cook your favorite meal,Enjoy the process and the delicious outcome.
Happy,Activity,Go for a hike,Explore nature to boost your mood.
Happy,Activity,Try a new hobby,Learn painting or baking to keep the positivity going.
Happy,Music,Listen to cheerful tunes,Create a playlist with songs that make you smile.
Happy,Food,Treat yourself to ice cream,Indulge in your favorite dessert.
Happy,Content,Watch a comedy movie,Enjoy laughter with a light-hearted film.
Happy,Activity,Dance freely,Let loose and dance to your favorite music.
Happy,Activity,Plan a picnic,Gather some friends and enjoy a day outdoors.
Happy,Music,Sing karaoke,Sing your heart out to your favorite tracks.
Happy,Content,Read a feel-good novel,Choose a story with a happy ending.
Happy,Food,Cook your favorite meal,Enjoy the process and the delicious outcome.
Happy,Activity,Go for a hike,Explore nature to boost your mood.
Happy,Activity,Try a new hobby,Learn painting or baking to keep the positivity going.
Happy,Music,Listen to cheerful tunes,Create a playlist with songs that make you smile.
Happy,Food,Treat yourself to ice cream,Indulge in your favorite dessert.
Happy,Content,Watch a comedy movie,Enjoy laughter with a light-hearted film.
Happy,Activity,Dance freely,Let loose and dance to your favorite music.
Happy,Activity,Plan a picnic,Gather some friends and enjoy a day outdoors.
Happy,Music,Sing karaoke,Sing your heart out to your favorite tracks.
Happy,Content,Read a feel-good novel,Choose a story with a happy ending.
Happy,Food,Cook your favorite meal,Enjoy the process and the delicious outcome.
Sad,Activity,Go for a walk,Walking can help clear your mind and lift your mood.
Sad,Content,Watch an inspirational movie,Choose a story about overcoming challenges.
Sad,Music,Listen to uplifting music,Play songs that remind you of happy moments.
Sad,Activity,Call a close friend,Share your feelings with someone who understands.
Sad,Food,Enjoy comfort food,Have a warm soup or something nostalgic.
Sad,Content,Read self-help books,Gain perspective through positive advice.
Sad,Activity,Practice gratitude journaling,Write down things you're grateful for.
Sad,Music,Play calm piano music,Relax to soothing melodies.
Sad,Activity,Take a long bath,Pamper yourself and relax.
Sad,Content,Look at old happy photos,Remind yourself of good memories.
Sad,Activity,Go for a walk,Walking can help clear your mind and lift your mood.
Sad,Content,Watch an inspirational movie,Choose a story about overcoming challenges.
Sad,Music,Listen to uplifting music,Play songs that remind you of happy moments.
Sad,Activity,Call a close friend,Share your feelings with someone who understands.
Sad,Food,Enjoy comfort food,Have a warm soup or something nostalgic.
Sad,Content,Read self-help books,Gain perspective through positive advice.
Sad,Activity,Practice gratitude journaling,Write down things you're grateful for.
Sad,Music,Play calm piano music,Relax to soothing melodies.
Sad,Activity,Take a long bath,Pamper yourself and relax.
Sad,Content,Look at old happy photos,Remind yourself of good memories.
Sad,Activity,Go for a walk,Walking can help clear your mind and lift your mood.
Sad,Content,Watch an inspirational movie,Choose a story about overcoming challenges.
Sad,Music,Listen to uplifting music,Play songs that remind you of happy moments.
Sad,Activity,Call a close friend,Share your feelings with someone who understands.
Sad,Food,Enjoy comfort food,Have a warm soup or something nostalgic.
Sad,Content,Read self-help books,Gain perspective through positive advice.
Sad,Activity,Practice gratitude journaling,Write down things you're grateful for.
Sad,Music,Play calm piano music,Relax to soothing melodies.
Sad,Activity,Take a long bath,Pamper yourself and relax.
Sad,Content,Look at old happy photos,Remind yourself of good memories.
Sad,Activity,Go for a walk,Walking can help clear your mind and lift your mood.
Sad,Content,Watch an inspirational movie,Choose a story about overcoming challenges.
Sad,Music,Listen to uplifting music,Play songs that remind you of happy moments.
Sad,Activity,Call a close friend,Share your feelings with someone who understands.
Sad,Food,Enjoy comfort food,Have a warm soup or something nostalgic.
Sad,Content,Read self-help books,Gain perspective through positive advice.
Sad,Activity,Practice gratitude journaling,Write down things you're grateful for.
Sad,Music,Play calm piano music,Relax to soothing melodies.
Sad,Activity,Take a long bath,Pamper yourself and relax.
Sad,Content,Look at old happy photos,Remind yourself of good memories.
Sad,Activity,Go for a walk,Walking can help clear your mind and lift your mood.
Sad,Content,Watch an inspirational movie,Choose a story about overcoming challenges.
Sad,Music,Listen to uplifting music,Play songs that remind you of happy moments.
Sad,Activity,Call a close friend,Share your feelings with someone who understands.
Sad,Food,Enjoy comfort food,Have a warm soup or something nostalgic.
Sad,Content,Read self-help books,Gain perspective through positive advice.
Sad,Activity,Practice gratitude journaling,Write down things you're grateful for.
Sad,Music,Play calm piano music,Relax to soothing melodies.
Sad,Activity,Take a long bath,Pamper yourself and relax.
Sad,Content,Look at old happy photos,Remind yourself of good memories.
Stress,Activity,Meditate for 10 minutes,Focus on your breathing to reduce stress.
Stress,Food,Drink herbal tea,Try chamomile or peppermint tea to relax.
Stress,Content,Watch relaxing ASMR videos,Let soft sounds calm your mind.
Stress,Activity,Do yoga,Focus on poses that release tension in your body.
Stress,Music,Listen to white noise,Block distractions with calming background sounds.
Stress,Activity,Write down your worries,List your stressors and think of solutions.
Stress,Food,Snack on dark chocolate,A small amount can improve your mood.
Stress,Activity,Go for a short jog,Physical activity releases endorphins to reduce stress.
Stress,Music,Listen to nature sounds,Relax with rain or forest sounds.
Stress,Content,Read poetry,Find solace in thoughtful and calming words.
Stress,Activity,Meditate for 10 minutes,Focus on your breathing to reduce stress.
Stress,Food,Drink herbal tea,Try chamomile or peppermint tea to relax.
Stress,Content,Watch relaxing ASMR videos,Let soft sounds calm your mind.
Stress,Activity,Do yoga,Focus on poses that release tension in your body.
Stress,Music,Listen to white noise,Block distractions with calming background sounds.
Stress,Activity,Write down your worries,List your stressors and think of solutions.
Stress,Food,Snack on dark chocolate,A small amount can improve your mood.
Stress,Activity,Go for a short jog,Physical activity releases endorphins to reduce stress.
Stress,Music,Listen to nature sounds,Relax with rain or forest sounds.
Stress,Content,Read poetry,Find solace in thoughtful and calming words.
Stress,Activity,Meditate for 10 minutes,Focus on your breathing to reduce stress.
Stress,Food,Drink herbal tea,Try chamomile or peppermint tea to relax.
Stress,Content,Watch relaxing ASMR videos,Let soft sounds calm your mind.
Stress,Activity,Do yoga,Focus on poses that release tension in your body.
Stress,Music,Listen to white noise,Block distractions with calming background sounds.
Stress,Activity,Write down your worries,List your stressors and think of solutions.
Stress,Food,Snack on dark chocolate,A small amount can improve your mood.
Stress,Activity,Go for a short jog,Physical activity releases endorphins to reduce stress.
Stress,Music,Listen to nature sounds,Relax with rain or forest sounds.
Stress,Content,Read poetry,Find solace in thoughtful and calming words.
Stress,Activity,Meditate for 10 minutes,Focus on your breathing to reduce stress.
Stress,Food,Drink herbal tea,Try chamomile or peppermint tea to relax.
Stress,Content,Watch relaxing ASMR videos,Let soft sounds calm your mind.
Stress,Activity,Do yoga,Focus on poses that release tension in your body.
Stress,Music,Listen to white noise,Block distractions with calming background sounds.
Stress,Activity,Write down your worries,List your stressors and think of solutions.
Stress,Food,Snack on dark chocolate,A small amount can improve your mood.
Stress,Activity,Go for a short jog,Physical activity releases endorphins to reduce stress.
Stress,Music,Listen to nature sounds,Relax with rain or forest sounds.
Stress,Content,Read poetry,Find solace in thoughtful and calming words.
Stress,Activity,Meditate for 10 minutes,Focus on your breathing to reduce stress.
Stress,Food,Drink herbal tea,Try chamomile or peppermint tea to relax.
Stress,Content,Watch relaxing ASMR videos,Let soft sounds calm your mind.
Stress,Activity,Do yoga,Focus on poses that release tension in your body.
Stress,Music,Listen to white noise,Block distractions with calming background sounds.
Stress,Activity,Write down your worries,List your stressors and think of solutions.
Stress,Food,Snack on dark chocolate,A small amount can improve your mood.
Stress,Activity,Go for a short jog,Physical activity releases endorphins to reduce stress.
Stress,Music,Listen to nature sounds,Relax with rain or forest sounds.
Stress,Content,Read poetry,Find solace in thoughtful and calming words.
Surprised,Action,Take deep breaths,Calm your nerves and process the situation.
Surprised,Content,Watch an educational video,Turn surprises into a learning opportunity.
Surprised,Activity,Write down your thoughts,Organize your mind by journaling the experience.
Surprised,Music,Play instrumental tracks,"Focus on soothing, wordless melodies."
Surprised,Food,Have a calming drink,Enjoy a herbal tea or a warm beverage.
Surprised,Activity,Reflect on the event,Think about the positives in unexpected situations.
Surprised,Content,Read interesting facts,Engage with something that fascinates you.
Surprised,Music,Listen to ambient sounds,Immerse yourself in relaxing audio.
Surprised,Activity,Take a short nap,Rest to process unexpected events.
Surprised,Food,Enjoy a light snack,Give yourself some energy to process the moment.
Surprised,Action,Take deep breaths,Calm your nerves and process the situation.
Surprised,Content,Watch an educational video,Turn surprises into a learning opportunity.
Surprised,Activity,Write down your thoughts,Organize your mind by journaling the experience.
Surprised,Music,Play instrumental tracks,"Focus on soothing, wordless melodies."
Surprised,Food,Have a calming drink,Enjoy a herbal tea or a warm beverage.
Surprised,Activity,Reflect on the event,Think about the positives in unexpected situations.
Surprised,Content,Read interesting facts,Engage with something that fascinates you.
Surprised,Music,Listen to ambient sounds,Immerse yourself in relaxing audio.
Surprised,Activity,Take a short nap,Rest to process unexpected events.
Surprised,Food,Enjoy a light snack,Give yourself some energy to process the moment.
Surprised,Action,Take deep breaths,Calm your nerves and process the situation.
Surprised,Content,Watch an educational video,Turn surprises into a learning opportunity.
Surprised,Activity,Write down your thoughts,Organize your mind by journaling the experience.
Surprised,Music,Play instrumental tracks,"Focus on soothing, wordless melodies."
Surprised,Food,Have a calming drink,Enjoy a herbal tea or a warm beverage.
Surprised,Activity,Reflect on the event,Think about the positives in unexpected situations.
Surprised,Content,Read interesting facts,Engage with something that fascinates you.
Surprised,Music,Listen to ambient sounds,Immerse yourself in relaxing audio.
Surprised,Activity,Take a short nap,Rest to process unexpected events.
Surprised,Food,Enjoy a light snack,Give yourself some energy to process the moment.
Surprised,Action,Take deep breaths,Calm your nerves and process the situation.
Surprised,Content,Watch an educational video,Turn surprises into a learning opportunity.
Surprised,Activity,Write down your thoughts,Organize your mind by journaling the experience.
Surprised,Music,Play instrumental tracks,"Focus on soothing, wordless melodies."
Surprised,Food,Have a calming drink,Enjoy a herbal tea or a warm beverage.
Surprised,Activity,Reflect on the event,Think about the positives in unexpected situations.
Surprised,Content,Read interesting facts,Engage with something that fascinates you.
Surprised,Music,Listen to ambient sounds,Immerse yourself in relaxing audio.
Surprised,Activity,Take a short nap,Rest to process unexpected events.
Surprised,Food,Enjoy a light snack,Give yourself some energy to process the moment.
Surprised,Action,Take deep breaths,Calm your nerves and process the situation.
Surprised,Content,Watch an educational video,Turn surprises into a learning opportunity.
Surprised,Activity,Write down your thoughts,Organize your mind by journaling the experience.
Surprised,Music,Play instrumental tracks,"Focus on soothing, wordless melodies."
Surprised,Food,Have a calming drink,Enjoy a herbal tea or a warm beverage.
Surprised,Activity,Reflect on the event,Think about the positives in unexpected situations.
Surprised,Content,Read interesting facts,Engage with something that fascinates you.
Surprised,Music,Listen to ambient sounds,Immerse yourself in relaxing audio.
Surprised,Activity,Take a short nap,Rest to process unexpected events.
Surprised,Food,Enjoy a light snack,Give yourself some energy to process the moment.
Love,Activity,Write a heartfelt letter,Express your emotions through a handwritten note.
Love,Music,Listen to romantic songs,"Set the mood with soft, soothing tunes."
Love,Activity,Plan a surprise,Show your affection by planning a special event.
Love,Content,Watch a romantic movie,Immerse yourself in heartwarming stories.
Love,Food,Cook a meal for your partner,Express love through a thoughtful meal.
Love,Activity,Spend quality time,Engage in an activity you both enjoy.
Love,Music,Create a playlist for your partner,Share your feelings through songs.
Love,Content,Read love poetry,Find inspiration in romantic words.
Love,Food,Share dessert together,Enjoy a sweet moment with your loved one.
Love,Activity,Take a walk together,Connect with each other during a peaceful stroll.
Love,Activity,Write a heartfelt letter,Express your emotions through a handwritten note.
Love,Music,Listen to romantic songs,"Set the mood with soft, soothing tunes."
Love,Activity,Plan a surprise,Show your affection by planning a special event.
Love,Content,Watch a romantic movie,Immerse yourself in heartwarming stories.
Love,Food,Cook a meal for your partner,Express love through a thoughtful meal.
Love,Activity,Spend quality time,Engage in an activity you both enjoy.
Love,Music,Create a playlist for your partner,Share your feelings through songs.
Love,Content,Read love poetry,Find inspiration in romantic words.
Love,Food,Share dessert together,Enjoy a sweet moment with your loved one.
Love,Activity,Take a walk together,Connect with each other during a peaceful stroll.
Love,Activity,Write a heartfelt letter,Express your emotions through a handwritten note.
Love,Music,Listen to romantic songs,"Set the mood with soft, soothing tunes."
Love,Activity,Plan a surprise,Show your affection by planning a special event.
Love,Content,Watch a romantic movie,Immerse yourself in heartwarming stories.
Love,Food,Cook a meal for your partner,Express love through a thoughtful meal.
Love,Activity,Spend quality time,Engage in an activity you both enjoy.
Love,Music,Create a playlist for your partner,Share your feelings through songs.
Love,Content,Read love poetry,Find inspiration in romantic words.
Love,Food,Share dessert together,Enjoy a sweet moment with your loved one.
Love,Activity,Take a walk together,Connect with each other during a peaceful stroll.
Love,Activity,Write a heartfelt letter,Express your emotions through a handwritten note.
Love,Music,Listen to romantic songs,"Set the mood with soft, soothing tunes."
Love,Activity,Plan a surprise,Show your affection by planning a special event.
Love,Content,Watch a romantic movie,Immerse yourself in heartwarming stories.
Love,Food,Cook a meal for your partner,Express love through a thoughtful meal.
Love,Activity,Spend quality time,Engage in an activity you both enjoy.
Love,Music,Create a playlist for your partner,Share your feelings through songs.
Love,Content,Read love poetry,Find inspiration in romantic words.
Love,Food,Share dessert together,Enjoy a sweet moment with your loved one.
Love,Activity,Take a walk together,Connect with each other during a peaceful stroll.
Love,Activity,Write a heartfelt letter,Express your emotions through a handwritten note.
Love,Music,Listen to romantic songs,"Set the mood with soft, soothing tunes."
Love,Activity,Plan a surprise,Show your affection by planning a special event.
Love,Content,Watch a romantic movie,Immerse yourself in heartwarming stories.
Love,Food,Cook a meal for your partner,Express love through a thoughtful meal.
Love,Activity,Spend quality time,Engage in an activity you both enjoy.
Love,Music,Create a playlist for your partner,Share your feelings through songs.
Love,Content,Read love poetry,Find inspiration in romantic words.
Love,Food,Share dessert together,Enjoy a sweet moment with your loved one.
Love,Activity,Take a walk together,Connect with each other during a peaceful stroll.
Anger,Activity,Do physical exercise,Channel your anger into a healthy outlet.
Anger,Content,Listen to calming podcasts,Choose topics that help shift your focus.
Anger,Food,Sip on water or tea,Hydrate to calm your body.
Anger,Music,Play instrumental tracks,Calm down with soothing background music.
Anger,Activity,Write down your frustrations,Let your emotions out in a safe way.
Anger,Activity,Practice deep breathing,Reduce your anger through controlled breaths.
Anger,Content,Read calming quotes,Focus on words that help you relax.
Anger,Food,Have a light snack,Avoid heavy meals that may increase tension.
Anger,Music,Listen to nature sounds,Relax with forest or ocean waves audio.
Anger,Activity,Try progressive muscle relaxation,Relieve anger by tensing and relaxing muscles.
Anger,Activity,Do physical exercise,Channel your anger into a healthy outlet.
Anger,Content,Listen to calming podcasts,Choose topics that help shift your focus.
Anger,Food,Sip on water or tea,Hydrate to calm your body.
Anger,Music,Play instrumental tracks,Calm down with soothing background music.
Anger,Activity,Write down your frustrations,Let your emotions out in a safe way.
Anger,Activity,Practice deep breathing,Reduce your anger through controlled breaths.
Anger,Content,Read calming quotes,Focus on words that help you relax.
Anger,Food,Have a light snack,Avoid heavy meals that may increase tension.
Anger,Music,Listen to nature sounds,Relax with forest or ocean waves audio.
Anger,Activity,Try progressive muscle relaxation,Relieve anger by tensing and relaxing muscles.
Anger,Activity,Do physical exercise,Channel your anger into a healthy outlet.
Anger,Content,Listen to calming podcasts,Choose topics that help shift your focus.
Anger,Food,Sip on water or tea,Hydrate to calm your body.
Anger,Music,Play instrumental tracks,Calm down with soothing background music.
Anger,Activity,Write down your frustrations,Let your emotions out in a safe way.
Anger,Activity,Practice deep breathing,Reduce your anger through controlled breaths.
Anger,Content,Read calming quotes,Focus on words that help you relax.
Anger,Food,Have a light snack,Avoid heavy meals that may increase tension.
Anger,Music,Listen to nature sounds,Relax with forest or ocean waves audio.
Anger,Activity,Try progressive muscle relaxation,Relieve anger by tensing and relaxing muscles.
Anger,Activity,Do physical exercise,Channel your anger into a healthy outlet.
Anger,Content,Listen to calming podcasts,Choose topics that help shift your focus.
Anger,Food,Sip on water or tea,Hydrate to calm your body.
Anger,Music,Play instrumental tracks,Calm down with soothing background music.
Anger,Activity,Write down your frustrations,Let your emotions out in a safe way.
Anger,Activity,Practice deep breathing,Reduce your anger through controlled breaths.
Anger,Content,Read calming quotes,Focus on words that help you relax.
Anger,Food,Have a light snack,Avoid heavy meals that may increase tension.
Anger,Music,Listen to nature sounds,Relax with forest or ocean waves audio.
Anger,Activity,Try progressive muscle relaxation,Relieve anger by tensing and relaxing muscles.
Anger,Activity,Do physical exercise,Channel your anger into a healthy outlet.
Anger,Content,Listen to calming podcasts,Choose topics that help shift your focus.
Anger,Food,Sip on water or tea,Hydrate to calm your body.
Anger,Music,Play instrumental tracks,Calm down with soothing background music.
Anger,Activity,Write down your frustrations,Let your emotions out in a safe way.
Anger,Activity,Practice deep breathing,Reduce your anger through controlled breaths.
Anger,Content,Read calming quotes,Focus on words that help you relax.
Anger,Food,Have a light snack,Avoid heavy meals that may increase tension.
Anger,Music,Listen to nature sounds,Relax with forest or ocean waves audio.
Anger,Activity,Try progressive muscle relaxation,Relieve anger by tensing and relaxing muscles.
